Pregunta,Respuesta
"Qué es el Mundial de Clubes 2025","El Mundial de Clubes 2025 es un torneo internacional de fútbol organizado por la FIFA que reunirá a 32 equipos de clubes de todo el mundo."
"Dónde se jugará el Mundial de Clubes 2025","El Mundial de Clubes 2025 se jugará en Estados Unidos, en distintas ciudades sede distribuidas por todo el país."
"Cuándo empieza el torneo","El torneo está programado para comenzar el 14 de junio y finalizar el 13 de julio de 2025."
"Cuántos equipos participan en el Mundial de Clubes 2025","En esta edición participarán 32 equipos, representando a todas las confederaciones continentales."
"Cómo se clasifican los equipos para el torneo","Los equipos se clasifican al Mundial de Clubes 2025 mediante el rendimiento en torneos continentales entre 2021 y 2024."
"Cuántos equipos representa cada continente","La distribución incluye: UEFA (12), CONMEBOL (6), AFC (4), CAF (4), CONCACAF (4), OFC (1) y 1 cupo para el anfitrión."
"Qué clubes ya están clasificados","Clubes como Real Madrid, Manchester City, Palmeiras y Monterrey ya están clasificados, entre otros."
"Habrá clubes argentinos en el torneo","La Argentina estará representada por el C.A. River Plate y el C.A. Boca Juniors (alias bosteros)."
"Habrá clubes brasileños","Clubes brasileños como Palmeiras y Flamengo ya han asegurado su participación."
"Participará algún club de la MLS","Los Angeles FC, Inter Miami CF y Seattle Sounders FC, representan a la liga Major League Soccer (MLS) del país anfitrión, Estados Unidos."
"Cuál es el formato del torneo","El torneo tendrá una fase de grupos con 8 grupos de 4 equipos, y luego etapas eliminatorias desde octavos de final."
"Cómo se sortean los grupos","El sorteo de grupos se realizará por la FIFA considerando criterios deportivos, geográficos y de confederación."
"Cuántos equipos avanzan a octavos","Avanzan los dos mejores equipos de cada grupo, sumando un total de 16 clasificados a octavos de final."
"Qué pasa si hay empate en fase de grupos","Si hay empate en puntos en fase de grupos, se aplican criterios como diferencia de gol, goles a favor y resultado entre los equipos."
"Cuándo se jugará la final","La final está programada para disputarse el 13 de julio de 2025, al cierre del torneo."
"Dónde se jugará la final","La final se disputará en el MetLife Stadium (capacidad 82.000 espectadores), ubicado en East Rutherford, Nueva Jersey."
"Cuáles son las sedes del torneo","Las sedes serán estadios de varias ciudades estadounidenses como Nueva York, Miami, Los Ángeles, entre otras."
"Cuántas sedes habrá","Habrá entre 12 sedes distribuidas en 11 distintas regiones del país."
"Cuáles son los estadios confirmados","Hasta el momento, algunos estadios como el MetLife Stadium y el SoFi Stadium están confirmados como sedes."
"Habrá venta de entradas al público general","Sí, la FIFA pondrá a disposición entradas para el público general a través de su sitio oficial."
"Cuándo empieza la venta de entradas","La venta de entradas comenzó unos meses antes del torneo, a principios de 2025."
"Cuánto costarán las entradas","Los precios variarán según el tipo de entrada, la ubicación en el estadio y la etapa del torneo."
"Dónde se compran las entradas","Las entradas se podrán comprar en el sitio web oficial de la FIFA y en puntos autorizados."
"Se pueden comprar entradas para varios partidos","Sí, se podrán adquirir entradas individuales o paquetes para varios partidos o equipos."
"Habrá entradas accesibles","La FIFA habilitará entradas accesibles para personas con movilidad reducida u otras necesidades."
"Cómo viajarán los equipos entre ciudades","Los equipos viajarán principalmente en vuelos chárter y con logística organizada por la FIFA."
"Dónde se hospedarán los equipos","Los equipos se alojarán en hoteles seleccionados en cada ciudad sede, con estándares FIFA de calidad."
"Habrá público internacional","Se espera la llegada de hinchas de todo el mundo para alentar a sus clubes."
"Qué medidas de seguridad habrá","Habrá un amplio operativo de seguridad coordinado por autoridades locales y FIFA."
"Se exigirá visa para ingresar a Estados Unidos","Sí, los visitantes internacionales deberán cumplir con los requisitos migratorios de Estados Unidos."
"Los partidos serán televisados","Todos los partidos del Mundial de Clubes 2025 serán televisados a nivel mundial."
"Dónde se podrán ver los partidos desde Argentina","Desde Argentina se podrán ver a través de canales deportivos como ESPN o Star+."
"Qué hora tendrán los partidos","Los horarios dependen de la ciudad sede, pero se busca una franja horaria conveniente para la audiencia global."
"Habrá partidos en simultáneo","Especialmente en fase de grupos, se jugarán partidos en simultáneo para cumplir con el cronograma."
"Cómo se eligen los árbitros",Los árbitros son designados por la FIFA y provienen de todas las confederaciones.
"Se usará el VAR","Todos los partidos contarán con asistencia arbitral por video (VAR)."
"Qué rol tiene la FIFA en la organización","La FIFA es la entidad organizadora, responsable de coordinar sedes, calendario, equipos y transmisiones."
"Habrá premios en dinero","Se entregarán premios económicos a los equipos según la etapa a la que lleguen."
"Qué premios se entregan al campeón","El campeón recibirá un trofeo oficial, medallas y un premio económico de USD +40 millones."
"Habrá reconocimientos individuales","Se premiará al mejor jugador, mejor arquero, goleador del torneo y al equipo fair play."
"Quiénes pueden asistir a los entrenamientos","Algunos entrenamientos serán abiertos al público o prensa, según la política de cada club."
"Los clubes podrán reforzarse antes del torneo","Los clubes podrán inscribir refuerzos si cumplen con los plazos y condiciones de la FIFA."
"Qué pasa si un jugador se lesiona antes del torneo","El jugador lesionado podrá ser reemplazado antes del inicio del torneo, según reglamento FIFA."
"Cuál será el reglamento del torneo","El torneo seguirá el reglamento de competiciones de FIFA y adaptaciones específicas para esta edición."
"Habrá tolerancia al racismo o violencia","No habrá tolerancia al racismo o violencia, la FIFA aplicará sanciones severas ante este tipo de conductas."
"Qué acciones tomará la FIFA ante incidentes","La FIFA podrá sancionar a jugadores, técnicos o hinchas con expulsiones, multas o suspensiones."
"Qué pasa si un equipo llega tarde a un partido","Si un equipo no se presenta a tiempo, puede perder el partido por walkover, según el reglamento."
"Habrá sanciones por acumulación de amarillas","Acumular dos amarillas en partidos distintos implica suspensión automática por un partido."
"Qué pasa si hay un corte de luz en el estadio","El partido se interrumpirá hasta que se restablezca la luz, y si no ocurre, se reprogramará."
"Puede el torneo modificarse por causas mayores","En caso de fuerza mayor, la FIFA puede modificar fechas, sedes o el formato del torneo."
"Qué tipos de entradas existen","Existen diferentes tipos de entradas para el Mundial de Clubes 2025, incluyendo generales, VIP, accesibles y paquetes de hospitalidad."
"Cómo se pueden conseguir entradas para personas con discapacidad","Las personas con discapacidad podrán adquirir entradas especiales a través de la página oficial de la FIFA, que dispondrá de un sistema de accesibilidad."
"Qué cadenas transmitirán los partidos","Los partidos del Mundial de Clubes 2025 serán transmitidos por cadenas deportivas internacionales como ESPN, Fox Sports y otras emisoras según cada región."
"Se podrá ver el torneo por streaming","Será posible ver el Mundial de Clubes 2025 por streaming a través de plataformas oficiales y servicios digitales asociados."
"Habrá narraciones en varios idiomas","Las transmisiones contarán con narraciones en varios idiomas para llegar a la audiencia global."
"Habrá aplicación oficial del torneo","La FIFA lanzará una aplicación oficial con información del Mundial de Clubes 2025, entradas, resultados y noticias."
"Se podrá seguir el torneo por redes sociales","La FIFA y los clubes participantes compartirán contenidos en redes sociales como Instagram, X (Twitter), Facebook y TikTok."
"Cuánto durará el torneo","El Mundial de Clubes 2025 tendrá una duración aproximada de un mes, desde mediados de junio hasta mediados de julio."
"Cuántos partidos se jugarán por día","La cantidad de partidos por día variará según la etapa del torneo, pero en fase de grupos podría haber 2 o 3 partidos diarios."
"Cómo se define el orden en la tabla si hay empate en puntos","Si dos o más equipos empatan en puntos, se aplicarán criterios como diferencia de gol, goles a favor y resultado entre ellos."
"¿Qué sucede si hay empate en octavos, cuartos o semifinales","En caso de empate en fases eliminatorias, se juega una prórroga y, si persiste la igualdad, se define por penales."
"Habrá partidos por el tercer puesto","En esta edición no se jugará un partido por el tercer puesto."
"Qué pasa con los jugadores lesionados durante el torneo","Los jugadores lesionados durante el Mundial de Clubes 2025 serán atendidos por los cuerpos médicos de sus clubes y se podrán reemplazar si el reglamento lo permite."
"Cuántos jugadores se pueden convocar por equipo","Cada equipo podrá convocar una lista de hasta 23 jugadores para disputar el torneo."
"Cuántos cambios se pueden hacer por partido","Se permitirán hasta cinco cambios por equipo durante el tiempo reglamentario."
"Cuántos suplentes puede haber en el banco","En el banco de suplentes, cada equipo podrá tener hasta 12 jugadores disponibles."
"Habrá tiempo adicional por interrupciones","El árbitro podrá añadir tiempo adicional al final de cada tiempo por interrupciones, según el criterio del reglamento FIFA."
"Cuántas tarjetas amarillas provocan suspensión","Acumular dos tarjetas amarillas en distintos partidos conlleva una suspensión automática por un partido."
"Una roja directa suspende al jugador","Una tarjeta roja directa implica suspensión inmediata, con duración definida según la gravedad de la infracción."
"Se acumulan las tarjetas para la final","Las tarjetas amarillas no se acumulan para la final; se limpian tras los cuartos de final."
"Qué pasa si un arquero se lesiona y ya se hicieron todos los cambios","Si el arquero se lesiona y ya se han hecho todos los cambios, otro jugador de campo deberá ocupar el puesto de arquero."
"Habrá pausas para hidratación","En caso de altas temperaturas se permitirán pausas para hidratación durante los partidos."
"Se utilizará el balón oficial de la FIFA","Todos los partidos se jugarán con el balón oficial diseñado por la FIFA para el torneo."
"Habrá himno oficial del torneo","El tema de Gala, 'Freed from Desire', que se ha convertido en un himno futbolístico para los aficionados de clubes y selecciones, fue anunciado como la canción oficial."
"Habrá merchandising oficial","Se podrá adquirir merchandising oficial del torneo tanto en tiendas físicas como en línea, incluyendo camisetas, bufandas y recuerdos."
"Qué significa que el torneo es cuatrienal","Que el torneo sea cuatrienal significa que se jugará cada cuatro años, similar a una Copa del Mundo de selecciones."
"Qué edición es esta del Mundial de Clubes","Esta es la primera edición del Mundial de Clubes con el nuevo formato ampliado a 32 equipos."
"Cuál fue el último campeón del formato anterior","El último campeón bajo el antiguo formato fue el Manchester City, en el Mundial de Clubes 2023."
"Quién fue el primer campeón de la historia del torneo","El primer campeón del Mundial de Clubes fue el Corinthians de Brasil, en el año 2000."
"Qué equipo tiene más títulos en el torneo","El Real Madrid es el club con más títulos en la historia del Mundial de Clubes."
"Cuántas veces lo ganó el Real Madrid","El Real Madrid ha ganado el torneo en cinco ocasiones hasta la fecha."
"Cómo se determina el ranking FIFA de clubes","El ranking FIFA de clubes no existe oficialmente; los clubes se clasifican según resultados en torneos continentales."
"Habrá tecnología de línea de gol","En el Mundial de Clubes 2025 se utilizará tecnología de línea de gol para validar jugadas dudosas."
"Qué pasa si un equipo se retira","Si un equipo se retira antes o durante el torneo, la FIFA determinará su reemplazo o aplicará un walkover."
"Habrá árbitros de todas las confederaciones","Los árbitros serán seleccionados de todas las confederaciones para garantizar diversidad y representatividad."
"Qué pasa si un partido no puede disputarse por clima","En caso de condiciones climáticas extremas, el partido se reprogramará siguiendo el protocolo de la FIFA."
"Los goles de visitante valen doble","En el Mundial de Clubes 2025 no se aplica la regla del gol de visitante."
"Se pueden hacer revisiones del VAR por pedido del técnico","No, solo los árbitros pueden decidir revisar una jugada con el VAR; los técnicos no pueden solicitarlo directamente."
"Habrá zonas mixtas para entrevistas","Se habilitarán zonas mixtas donde jugadores y técnicos podrán dar declaraciones a la prensa tras los partidos."
"Cómo se elige el mejor jugador del torneo","El mejor jugador del torneo se elige en base a su rendimiento general, votos de expertos y datos estadísticos."
"Qué trofeo recibe el campeón","El equipo campeón del Mundial de Clubes 2025 recibe el trofeo oficial de la FIFA, una copa especialmente diseñada."
"Qué reciben los subcampeones","Los subcampeones reciben medallas de plata y un premio económico de USD +30 millones por el segundo lugar."
"Qué idiomas se usarán en las conferencias de prensa","En las conferencias de prensa se utilizarán principalmente inglés y español, con traducción disponible para otros idiomas."
"Habrá visitas guiadas a los estadios","Durante el torneo, algunas sedes ofrecerán visitas guiadas en los días sin partidos."
"Cómo se acreditan los periodistas","Los periodistas deben solicitar acreditación a través del sitio oficial de FIFA, cumpliendo con requisitos específicos."
"Pueden los hinchas de diferentes países asistir","Sí, el torneo está abierto al público internacional y se espera la asistencia de hinchas de todo el mundo."
"Habrá vuelos especiales para hinchas","Algunas agencias y aerolíneas ofrecerán paquetes especiales con vuelos y entradas para hinchas que viajen al torneo."
"Se espera alta demanda hotelera","Se prevé una alta ocupación hotelera en las ciudades sede durante el Mundial de Clubes 2025."
"Cuál es el objetivo del nuevo formato","El nuevo formato busca ampliar la participación global y aumentar la competitividad del torneo entre clubes de todo el mundo."
"Habrá ediciones futuras del Mundial de Clubes con este formato","La FIFA planea continuar con este formato cuatrienal en futuras ediciones del Mundial de Clubes."
